0.4666666666666667,1.0,35.0,0.6304623484611511,3.0,-1.0,-1.0,1.0
0.43333333333333335,5.0,27.0,0.611079216003418,3.0,1.0,3.0,3.0
0.18333333333333332,0.0,14.0,0.23395903408527374,0.0,0.0,1.0,0.0
0.65,1.0,31.0,1.0,4.0,2.0,3.0,3.0
0.03333333333333333,0.0,2.0,0.036879763007164,0.0,-1.0,0.0,0.0
0.2,0.0,11.0,0.2830500900745392,0.0,0.0,1.0,0.0
0.6833333333333333,1.0,36.0,1.0,4.0,2.0,3.0,3.0
0.05,0.0,3.0,0.05949398875236511,0.0,-1.0,0.0,0.0
0.6666666666666666,1.0,25.0,1.0,4.0,2.0,3.0,3.0
0.06666666666666667,0.0,3.0,0.07872632890939713,0.0,-1.0,0.0,0.0
0.03333333333333333,0.0,1.0,0.04746994003653526,0.0,-1.0,0.0,0.0
0.65,1.0,29.0,1.0,4.0,2.0,3.0,3.0
0.06666666666666667,0.0,6.0,0.10358216613531113,2.0,0.0,-1.0,0.0
0.2,1.0,12.0,0.296953409910202,0.0,0.0,1.0,0.0
0.2,0.0,10.0,0.2997705936431885,0.0,0.0,1.0,0.0
0.26666666666666666,0.0,16.0,0.3661072254180908,0.0,0.0,1.0,0.0
0.6166666666666667,1.0,32.0,0.9172094464302063,1.0,2.0,3.0,3.0
0.03333333333333333,0.0,1.0,0.04145791754126549,0.0,-1.0,0.0,0.0
0.6166666666666667,1.0,29.0,1.0,4.0,2.0,3.0,3.0
0.06666666666666667,0.0,4.0,0.08130475878715515,0.0,-1.0,0.0,0.0
0.2,0.0,9.0,0.2999749481678009,0.0,0.0,1.0,0.0
0.65,2.0,32.0,1.0,4.0,2.0,3.0,3.0
0.016666666666666666,0.0,1.0,0.035242900252342224,2.0,1.0,2.0,0.0
0.03333333333333333,0.0,1.0,0.06376136094331741,3.0,1.0,3.0,2.0
0.016666666666666666,0.0,1.0,0.021417835727334023,0.0,-1.0,0.0,0.0
0.05,0.0,2.0,0.07795538008213043,2.0,0.0,1.0,0.0
0.03333333333333333,0.0,2.0,0.05783916264772415,2.0,1.0,2.0,0.0
0.03333333333333333,0.0,1.0,0.03143787756562233,0.0,-1.0,0.0,0.0
0.65,2.0,35.0,1.0,4.0,2.0,3.0,3.0
0.15,0.0,10.0,0.25037798285484314,3.0,1.0,3.0,2.0
0.016666666666666666,0.0,2.0,0.03611476346850395,3.0,1.0,3.0,2.0
0.2,2.0,13.0,0.3383278250694275,0.0,0.0,1.0,0.0
0.25,0.0,11.0,0.40618738532066345,1.0,1.0,1.0,1.0
0.13333333333333333,0.0,7.0,0.19841289520263672,0.0,-1.0,0.0,0.0
0.31666666666666665,0.0,15.0,0.4709799885749817,1.0,1.0,1.0,1.0
0.06666666666666667,0.0,4.0,0.09155811369419098,0.0,-1.0,0.0,0.0
0.65,1.0,32.0,1.0,4.0,2.0,3.0,3.0
0.016666666666666666,0.0,1.0,0.04191445931792259,3.0,1.0,3.0,2.0
0.06666666666666667,1.0,5.0,0.10206110030412674,2.0,0.0,1.0,0.0
0.1,0.0,5.0,0.15724816918373108,2.0,0.0,1.0,0.0
0.15,0.0,11.0,0.21781061589717865,0.0,-1.0,-2.0,0.0
0.5833333333333334,1.0,31.0,0.8971735835075378,1.0,2.0,3.0,3.0
0.4166666666666667,1.0,23.0,0.6346442699432373,3.0,1.0,3.0,1.0
0.08333333333333333,0.0,5.0,0.11517640203237534,0.0,-1.0,0.0,0.0
0.65,0.0,30.0,1.0,4.0,2.0,3.0,3.0
0.03333333333333333,0.0,2.0,0.04306821525096893,0.0,-1.0,0.0,0.0
0.06666666666666667,0.0,3.0,0.09356212615966797,0.0,-1.0,0.0,0.0
0.23333333333333334,1.0,12.0,0.34205910563468933,0.0,0.0,1.0,0.0
0.03333333333333333,0.0,2.0,0.033508386462926865,0.0,-1.0,0.0,0.0
0.18333333333333332,0.0,8.0,0.2759268581867218,0.0,0.0,1.0,0.0
0.16666666666666666,0.0,1.0,0.24386271834373474,0.0,0.0,1.0,0.0
0.6333333333333333,4.0,31.0,1.0,4.0,2.0,3.0,3.0
0.13333333333333333,3.0,11.0,0.21160048246383667,2.0,0.0,-1.0,2.0
0.36666666666666664,1.0,22.0,0.5493555068969727,1.0,1.0,1.0,1.0
0.3,1.0,18.0,0.4683116376399994,1.0,0.0,0.0,1.0
0.48333333333333334,2.0,26.0,0.7471234202384949,3.0,1.0,3.0,1.0
0.21666666666666667,3.0,13.0,0.3002487123012543,0.0,0.0,1.0,0.0
0.65,2.0,35.0,1.0,4.0,2.0,3.0,3.0
0.4,0.0,30.0,0.5589264035224915,-2.0,0.0,0.0,1.0
0.65,0.0,26.0,1.0,4.0,2.0,3.0,3.0
0.03333333333333333,0.0,1.0,0.050932224839925766,2.0,0.0,1.0,0.0
0.3333333333333333,0.0,8.0,0.5106310844421387,1.0,1.0,1.0,1.0
0.2,1.0,11.0,0.2977665960788727,0.0,0.0,1.0,0.0
0.65,0.0,30.0,1.0,4.0,2.0,3.0,3.0
0.13333333333333333,2.0,10.0,0.20959021151065826,2.0,0.0,-1.0,2.0
0.45,1.0,26.0,0.6774756908416748,3.0,1.0,3.0,1.0
0.2,1.0,15.0,0.29480043053627014,0.0,0.0,1.0,0.0
0.03333333333333333,0.0,1.0,0.04730693995952606,0.0,-1.0,0.0,0.0
0.6833333333333333,1.0,35.0,1.0,4.0,2.0,3.0,3.0
0.15,0.0,10.0,0.194196879863739,0.0,-1.0,0.0,0.0
0.65,0.0,30.0,1.0,4.0,2.0,3.0,3.0
0.11666666666666667,1.0,8.0,0.17372244596481323,0.0,-1.0,0.0,0.0
0.6333333333333333,1.0,29.0,1.0,4.0,2.0,3.0,3.0
0.36666666666666664,0.0,26.0,0.4943637251853943,-2.0,1.0,1.0,1.0
0.65,0.0,27.0,1.0,4.0,2.0,3.0,3.0
0.15,0.0,12.0,0.21369293332099915,0.0,-1.0,-2.0,0.0
0.6166666666666667,1.0,30.0,1.0,4.0,2.0,3.0,3.0
0.5666666666666667,4.0,38.0,0.9333282113075256,4.0,1.0,2.0,3.0
0.06666666666666667,0.0,4.0,0.12172790616750717,3.0,1.0,3.0,2.0
0.016666666666666666,0.0,1.0,0.04475676640868187,3.0,1.0,3.0,2.0
0.16666666666666666,0.0,1.0,0.2318386733531952,0.0,0.0,1.0,0.0
0.25,0.0,14.0,0.3668268918991089,0.0,0.0,1.0,0.0
0.5,0.0,18.0,0.7168086171150208,0.0,1.0,3.0,1.0
0.6,0.0,32.0,0.9056428670883179,1.0,2.0,3.0,3.0
0.05,0.0,4.0,0.0832708328962326,2.0,1.0,2.0,0.0
0.2833333333333333,3.0,17.0,0.36209920048713684,0.0,0.0,1.0,0.0
0.6666666666666666,0.0,28.0,1.0,4.0,2.0,3.0,3.0
0.08333333333333333,1.0,8.0,0.14156129956245422,3.0,1.0,1.0,2.0
0.03333333333333333,0.0,2.0,0.03590337559580803,0.0,-1.0,0.0,0.0
0.6333333333333333,0.0,32.0,1.0,4.0,2.0,3.0,3.0
0.55,3.0,36.0,0.8786783814430237,4.0,2.0,3.0,3.0
0.26666666666666666,0.0,19.0,0.42829886078834534,1.0,0.0,0.0,1.0
0.26666666666666666,2.0,17.0,0.3681112229824066,0.0,0.0,1.0,0.0
0.4666666666666667,1.0,25.0,0.6987725496292114,3.0,1.0,3.0,1.0
0.05,0.0,5.0,0.06447114795446396,0.0,-1.0,-2.0,0.0
0.6833333333333333,2.0,37.0,1.0,4.0,2.0,3.0,3.0
0.13333333333333333,0.0,7.0,0.18541724979877472,0.0,-1.0,0.0,0.0
0.65,2.0,38.0,1.0,4.0,1.0,2.0,3.0
0.11666666666666667,0.0,8.0,0.18580803275108337,2.0,0.0,1.0,0.0
0.08333333333333333,1.0,7.0,0.1376502960920334,2.0,1.0,0.0,0.0
0.06666666666666667,0.0,4.0,0.08153807371854782,0.0,-1.0,0.0,0.0
0.1,0.0,6.0,0.1356462985277176,0.0,-1.0,0.0,0.0
0.5,0.0,16.0,0.7436106204986572,0.0,1.0,3.0,1.0
0.6666666666666666,2.0,27.0,1.0,4.0,2.0,3.0,3.0
0.5166666666666667,4.0,37.0,0.7306923866271973,3.0,1.0,3.0,1.0
0.016666666666666666,0.0,2.0,0.01941382698714733,0.0,-1.0,0.0,0.0
0.6666666666666666,4.0,30.0,1.0,4.0,2.0,3.0,3.0
0.06666666666666667,0.0,3.0,0.09746935218572617,0.0,-1.0,0.0,0.0
0.11666666666666667,1.0,6.0,0.18530456721782684,2.0,0.0,1.0,0.0
0.6,0.0,41.0,0.8772041201591492,1.0,1.0,2.0,3.0
0.6333333333333333,0.0,37.0,1.0,4.0,2.0,3.0,3.0
0.2,2.0,13.0,0.29762715101242065,0.0,0.0,1.0,0.0
0.6333333333333333,0.0,28.0,1.0,4.0,2.0,3.0,3.0
0.03333333333333333,0.0,3.0,0.05748998001217842,2.0,1.0,2.0,0.0
0.03333333333333333,0.0,2.0,0.05053514242172241,2.0,0.0,1.0,0.0
0.16666666666666666,0.0,1.0,0.24257127940654755,0.0,0.0,1.0,0.0
0.43333333333333335,1.0,22.0,0.6253669857978821,3.0,1.0,3.0,1.0
0.05,0.0,2.0,0.05748998001217842,0.0,-1.0,0.0,0.0
0.45,1.0,23.0,0.6606963872909546,3.0,1.0,3.0,1.0
0.08333333333333333,2.0,7.0,0.11761022359132767,0.0,-1.0,-2.0,2.0
0.6833333333333333,0.0,30.0,1.0,4.0,2.0,3.0,3.0
0.03333333333333333,0.0,3.0,0.037449900060892105,0.0,-1.0,0.0,0.0
0.3,1.0,14.0,0.45428356528282166,1.0,1.0,1.0,1.0
0.23333333333333334,2.0,15.0,0.3274719715118408,0.0,0.0,1.0,0.0
0.43333333333333335,1.0,22.0,0.6721599698066711,3.0,1.0,3.0,1.0
0.2,1.0,10.0,0.31327196955680847,0.0,0.0,1.0,0.0
0.65,1.0,30.0,1.0,4.0,2.0,3.0,3.0
0.05,1.0,4.0,0.0949086919426918,3.0,1.0,3.0,2.0
0.05,0.0,5.0,0.055376842617988586,0.0,-1.0,-2.0,0.0
0.6833333333333333,0.0,32.0,1.0,4.0,2.0,3.0,3.0
0.05,0.0,3.0,0.07200098037719727,0.0,-1.0,0.0,0.0
0.21666666666666667,0.0,10.0,0.31400302052497864,0.0,0.0,1.0,0.0
0.7,2.0,33.0,1.0,4.0,2.0,3.0,3.0
0.35,1.0,20.0,0.5757191181182861,1.0,1.0,1.0,1.0
0.3333333333333333,0.0,9.0,0.5649986267089844,1.0,1.0,1.0,1.0
0.05,0.0,3.0,0.06519659608602524,0.0,-1.0,0.0,0.0
0.4,0.0,23.0,0.5665079951286316,-2.0,1.0,1.0,1.0
0.6666666666666666,0.0,21.0,1.0,4.0,2.0,3.0,3.0
0.13333333333333333,0.0,9.0,0.16905710101127625,0.0,-1.0,0.0,0.0
0.6666666666666666,0.0,25.0,1.0,4.0,2.0,3.0,3.0
0.016666666666666666,0.0,1.0,0.037449900060892105,3.0,1.0,3.0,2.0
0.05,0.0,4.0,0.06550601124763489,0.0,-1.0,0.0,0.0
0.11666666666666667,0.0,7.0,0.1556863784790039,0.0,-1.0,0.0,0.0
0.65,2.0,35.0,1.0,4.0,2.0,3.0,3.0
0.18333333333333332,0.0,12.0,0.3092259168624878,0.0,0.0,1.0,0.0
0.6,1.0,26.0,0.8991733193397522,1.0,2.0,3.0,3.0
0.45,2.0,24.0,0.756684422492981,3.0,1.0,3.0,1.0
0.08333333333333333,0.0,5.0,0.15167835354804993,3.0,1.0,3.0,2.0
0.16666666666666666,0.0,1.0,0.2759268581867218,0.0,0.0,1.0,0.0
0.43333333333333335,1.0,20.0,0.6667084097862244,3.0,1.0,3.0,1.0
0.15,2.0,11.0,0.23985470831394196,2.0,1.0,0.0,2.0
0.03333333333333333,0.0,1.0,0.039453908801078796,0.0,-1.0,0.0,0.0
0.6833333333333333,1.0,35.0,1.0,4.0,2.0,3.0,3.0
0.15,0.0,9.0,0.21179859340190887,0.0,-1.0,0.0,0.0
0.43333333333333335,1.0,23.0,0.6315248012542725,3.0,1.0,3.0,1.0
0.4166666666666667,4.0,24.0,0.6049777269363403,3.0,1.0,3.0,1.0
0.03333333333333333,0.0,2.0,0.05127359926700592,2.0,0.0,1.0,0.0
0.08333333333333333,0.0,7.0,0.11560621112585068,0.0,-1.0,-2.0,0.0
0.6833333333333333,3.0,39.0,1.0,4.0,2.0,3.0,3.0
0.11666666666666667,1.0,8.0,0.12161823362112045,0.0,-1.0,0.0,0.0
0.2833333333333333,0.0,12.0,0.43223947286605835,1.0,1.0,1.0,1.0
0.26666666666666666,0.0,17.0,0.38614729046821594,0.0,0.0,1.0,0.0
0.6833333333333333,2.0,37.0,1.0,4.0,2.0,3.0,3.0
0.1,0.0,5.0,0.13965430855751038,0.0,-1.0,0.0,0.0
0.6333333333333333,2.0,34.0,1.0,4.0,2.0,3.0,3.0
0.15,0.0,9.0,0.21580661833286285,0.0,-1.0,0.0,0.0
0.6166666666666667,0.0,29.0,1.0,4.0,2.0,3.0,3.0
0.16666666666666666,0.0,0.0,0.2683452069759369,0.0,0.0,1.0,0.0
0.6666666666666666,1.0,27.0,1.0,4.0,2.0,3.0,3.0
0.2,5.0,14.0,0.3461700975894928,0.0,0.0,1.0,2.0
0.6333333333333333,0.0,28.0,1.0,4.0,2.0,3.0,3.0
0.06666666666666667,0.0,4.0,0.08841854333877563,0.0,-1.0,0.0,0.0
0.6,3.0,37.0,0.8751252293586731,4.0,2.0,3.0,3.0
0.15,0.0,10.0,0.2267720103263855,0.0,-1.0,0.0,0.0
0.65,1.0,34.0,1.0,4.0,2.0,3.0,3.0
0.06666666666666667,1.0,5.0,0.09928254038095474,0.0,-1.0,0.0,0.0
0.21666666666666667,1.0,13.0,0.3198174834251404,0.0,0.0,1.0,0.0
0.25,0.0,9.0,0.3681112229824066,0.0,0.0,1.0,0.0
0.6666666666666666,0.0,24.0,1.0,4.0,2.0,3.0,3.0
0.03333333333333333,0.0,2.0,0.03676658868789673,0.0,-1.0,0.0,0.0
0.7,2.0,37.0,1.0,4.0,2.0,3.0,3.0
0.05,0.0,4.0,0.061497997492551804,0.0,-1.0,0.0,0.0
0.6666666666666666,0.0,26.0,1.0,4.0,2.0,3.0,3.0
0.3333333333333333,0.0,12.0,0.5146439671516418,1.0,1.0,1.0,1.0
0.16666666666666666,0.0,1.0,0.21781061589717865,0.0,0.0,1.0,0.0
0.1,0.0,5.0,0.16771753132343292,3.0,1.0,3.0,2.0
0.48333333333333334,3.0,33.0,0.7669767141342163,3.0,0.0,0.0,1.0
0.38333333333333336,3.0,25.0,0.5851302146911621,1.0,1.0,1.0,1.0
0.4,2.0,23.0,0.5965681076049805,1.0,1.0,1.0,1.0
0.26666666666666666,1.0,15.0,0.39291808009147644,0.0,0.0,1.0,0.0
0.06666666666666667,0.0,2.0,0.10358216613531113,2.0,0.0,1.0,0.0
0.18333333333333332,1.0,14.0,0.2557033598423004,0.0,0.0,1.0,0.0
0.03333333333333333,0.0,2.0,0.05412687361240387,2.0,0.0,1.0,0.0
0.08333333333333333,0.0,6.0,0.12473343312740326,0.0,-1.0,0.0,0.0
0.6833333333333333,2.0,37.0,1.0,4.0,2.0,3.0,3.0
0.03333333333333333,0.0,1.0,0.04726558178663254,0.0,-1.0,0.0,0.0
0.6333333333333333,1.0,28.0,1.0,4.0,2.0,3.0,3.0
0.15,1.0,9.0,0.2276027798652649,0.0,-1.0,0.0,0.0
0.016666666666666666,0.0,1.0,0.03192082419991493,2.0,1.0,2.0,0.0
0.5,1.0,22.0,0.7408567070960999,3.0,1.0,3.0,1.0
0.1,0.0,7.0,0.127686008810997,0.0,-1.0,0.0,0.0
0.6666666666666666,0.0,22.0,1.0,4.0,2.0,3.0,3.0
0.08333333333333333,0.0,5.0,0.13184066116809845,2.0,0.0,1.0,0.0
0.06666666666666667,0.0,5.0,0.07587523013353348,0.0,-1.0,0.0,0.0
0.26666666666666666,0.0,14.0,0.4097534716129303,1.0,1.0,1.0,1.0
0.08333333333333333,0.0,5.0,0.10759018361568451,0.0,-1.0,0.0,0.0
0.65,1.0,30.0,1.0,4.0,2.0,3.0,3.0
0.21666666666666667,1.0,17.0,0.29396292567253113,0.0,0.0,1.0,0.0
0.6666666666666666,0.0,33.0,1.0,4.0,2.0,3.0,3.0
0.11666666666666667,0.0,8.0,0.18173848092556,2.0,0.0,1.0,0.0
0.2,1.0,13.0,0.30377861857414246,0.0,0.0,1.0,0.0
0.26666666666666666,1.0,15.0,0.4242234528064728,1.0,1.0,1.0,1.0
0.2,1.0,14.0,0.2662503719329834,0.0,0.0,1.0,0.0
0.6666666666666666,0.0,26.0,1.0,4.0,2.0,3.0,3.0
0.08333333333333333,0.0,4.0,0.10358216613531113,0.0,-1.0,0.0,0.0
0.6666666666666666,0.0,24.0,1.0,4.0,2.0,3.0,3.0
0.016666666666666666,0.0,1.0,0.03790159150958061,3.0,1.0,3.0,2.0
0.11666666666666667,3.0,9.0,0.1922299861907959,2.0,1.0,0.0,2.0
0.25,0.0,14.0,0.3300350606441498,0.0,0.0,1.0,0.0
0.21666666666666667,0.0,10.0,0.2897505462169647,0.0,0.0,1.0,0.0
0.16666666666666666,0.0,1.0,0.23985470831394196,0.0,0.0,1.0,0.0
0.2833333333333333,0.0,14.0,0.45628756284713745,1.0,1.0,1.0,1.0
0.36666666666666664,0.0,21.0,0.5486917495727539,-2.0,1.0,1.0,1.0
0.6666666666666666,0.0,18.0,1.0,4.0,2.0,3.0,3.0
0.15,1.0,8.0,0.226229727268219,0.0,-1.0,0.0,0.0
0.18333333333333332,0.0,9.0,0.2518787682056427,0.0,0.0,1.0,0.0
0.6666666666666666,2.0,24.0,1.0,4.0,2.0,3.0,3.0
0.2833333333333333,0.0,17.0,0.4262274503707886,1.0,1.0,1.0,1.0
0.13333333333333333,0.0,8.0,0.17807962000370026,0.0,-1.0,0.0,0.0
0.48333333333333334,1.0,26.0,0.6927605271339417,3.0,1.0,3.0,1.0
0.03333333333333333,0.0,2.0,0.04364851117134094,0.0,-1.0,0.0,0.0
0.43333333333333335,1.0,17.0,0.6904966235160828,3.0,1.0,3.0,1.0
0.3333333333333333,1.0,10.0,0.44852617383003235,1.0,1.0,1.0,1.0
0.35,0.0,20.0,0.527070939540863,-2.0,1.0,1.0,1.0
0.6333333333333333,0.0,25.0,1.0,4.0,2.0,3.0,3.0
0.21666666666666667,2.0,17.0,0.3401108682155609,0.0,0.0,1.0,0.0
0.6666666666666666,0.0,24.0,1.0,4.0,2.0,3.0,3.0
0.3,2.0,18.0,0.40418335795402527,1.0,0.0,0.0,1.0
0.23333333333333334,0.0,12.0,0.29842841625213623,0.0,0.0,1.0,0.0
0.6833333333333333,0.0,35.0,1.0,4.0,2.0,3.0,3.0
0.03333333333333333,1.0,3.0,0.08130907267332077,3.0,1.0,3.0,2.0
0.16666666666666666,0.0,0.0,0.2130335420370102,0.0,0.0,1.0,0.0
0.05,0.0,2.0,0.04746994003653526,0.0,-1.0,0.0,0.0
0.5,0.0,17.0,0.8350450992584229,1.0,2.0,3.0,3.0
0.03333333333333333,0.0,3.0,0.051477957516908646,2.0,0.0,1.0,0.0
0.7,2.0,36.0,1.0,4.0,2.0,3.0,3.0
0.03333333333333333,0.0,1.0,0.05348196253180504,2.0,0.0,1.0,0.0
0.3,0.0,19.0,0.4265766441822052,1.0,0.0,0.0,1.0
0.31666666666666665,0.0,18.0,0.4963677227497101,1.0,0.0,0.0,1.0
0.1,2.0,6.0,0.16316182911396027,2.0,1.0,2.0,2.0
0.5333333333333333,2.0,32.0,0.8130009770393372,4.0,2.0,3.0,3.0
0.15,0.0,11.0,0.22230157256126404,0.0,-1.0,-2.0,0.0
0.05,0.0,2.0,0.05748998001217842,0.0,-1.0,0.0,0.0
0.21666666666666667,0.0,10.0,0.31199899315834045,0.0,0.0,1.0,0.0
0.36666666666666664,1.0,17.0,0.5484719276428223,1.0,1.0,1.0,1.0
0.2833333333333333,0.0,16.0,0.3766218423843384,0.0,0.0,1.0,0.0
0.26666666666666666,0.0,14.0,0.4001753628253937,1.0,1.0,1.0,1.0
0.6,0.0,32.0,0.8815947771072388,1.0,2.0,3.0,3.0
0.1,0.0,5.0,0.1608906388282776,2.0,1.0,2.0,0.0
0.05,0.0,3.0,0.06996511667966843,0.0,-1.0,0.0,0.0
0.5666666666666667,1.0,27.0,0.8649008870124817,1.0,2.0,3.0,3.0
0.36666666666666664,1.0,20.0,0.560322642326355,1.0,1.0,1.0,1.0
0.23333333333333334,3.0,13.0,0.38621920347213745,0.0,0.0,1.0,0.0
0.65,1.0,30.0,1.0,4.0,2.0,3.0,3.0
0.016666666666666666,0.0,1.0,0.018904779106378555,0.0,-1.0,0.0,0.0
0.6833333333333333,0.0,34.0,1.0,4.0,2.0,3.0,3.0
0.3,1.0,21.0,0.4873047471046448,1.0,0.0,0.0,1.0
0.06666666666666667,1.0,5.0,0.06951402872800827,0.0,-1.0,0.0,0.0
0.5666666666666667,2.0,30.0,0.937249481678009,4.0,2.0,3.0,3.0
0.3333333333333333,1.0,10.0,0.47820350527763367,1.0,1.0,1.0,1.0
0.23333333333333334,0.0,15.0,0.3845776617527008,0.0,0.0,1.0,0.0
0.6833333333333333,1.0,36.0,1.0,4.0,2.0,3.0,3.0
0.05,0.0,6.0,0.08001701533794403,2.0,0.0,-1.0,0.0
0.21666666666666667,0.0,13.0,0.3625335693359375,0.0,0.0,1.0,0.0
0.6666666666666666,0.0,26.0,1.0,4.0,2.0,3.0,3.0
0.1,0.0,5.0,0.12362224608659744,0.0,-1.0,0.0,0.0
0.6833333333333333,0.0,34.0,1.0,4.0,2.0,3.0,3.0
0.016666666666666666,1.0,1.0,0.04341224953532219,3.0,1.0,3.0,2.0
0.5666666666666667,1.0,39.0,0.8492444753646851,1.0,1.0,2.0,3.0
0.4166666666666667,0.0,21.0,0.6576157212257385,0.0,1.0,3.0,1.0
0.6166666666666667,0.0,23.0,1.0,4.0,2.0,3.0,3.0
0.2833333333333333,2.0,20.0,0.3961673378944397,0.0,-1.0,0.0,0.0
0.4,0.0,20.0,0.5602916479110718,-2.0,1.0,1.0,1.0
0.65,0.0,26.0,1.0,4.0,2.0,3.0,3.0
0.03333333333333333,0.0,2.0,0.04746994003653526,0.0,-1.0,0.0,0.0
0.5666666666666667,1.0,28.0,0.8651052117347717,1.0,2.0,3.0,3.0
0.6166666666666667,0.0,37.0,0.8751252293586731,1.0,2.0,3.0,3.0
0.7,0.0,45.0,1.0,4.0,2.0,3.0,3.0
0.13333333333333333,0.0,7.0,0.19660401344299316,0.0,-1.0,0.0,0.0
0.4666666666666667,1.0,18.0,0.7087925672531128,3.0,1.0,3.0,1.0
0.23333333333333334,0.0,18.0,0.38414329290390015,0.0,-1.0,0.0,0.0
0.15,0.0,8.0,0.21815615892410278,0.0,-1.0,0.0,0.0
0.43333333333333335,0.0,23.0,0.6384479999542236,0.0,1.0,3.0,1.0
0.2,0.0,11.0,0.26390281319618225,0.0,0.0,1.0,0.0
0.55,2.0,30.0,0.8230876326560974,4.0,2.0,3.0,3.0
0.65,1.0,41.0,1.0,4.0,1.0,2.0,3.0
0.11666666666666667,2.0,8.0,0.1596943885087967,0.0,-1.0,0.0,2.0
0.45,1.0,23.0,0.6645000576972961,3.0,1.0,3.0,1.0
0.26666666666666666,1.0,15.0,0.4348026514053345,1.0,1.0,1.0,1.0
0.6,0.0,32.0,0.9021046757698059,1.0,2.0,3.0,3.0
0.5833333333333334,0.0,32.0,0.8250250220298767,1.0,2.0,3.0,3.0
0.5333333333333333,2.0,30.0,0.8130009770393372,4.0,2.0,3.0,3.0
0.03333333333333333,0.0,2.0,0.06930965930223465,3.0,1.0,3.0,2.0
0.25,0.0,17.0,0.38809722661972046,0.0,0.0,1.0,0.0
0.35,1.0,15.0,0.5506270527839661,1.0,1.0,1.0,1.0
0.6666666666666666,0.0,28.0,1.0,4.0,2.0,3.0,3.0
0.23333333333333334,2.0,15.0,0.3438994884490967,0.0,0.0,1.0,0.0
0.3333333333333333,0.0,8.0,0.4873400330543518,1.0,1.0,1.0,1.0
0.43333333333333335,0.0,19.0,0.6951989531517029,0.0,1.0,3.0,1.0
0.11666666666666667,0.0,5.0,0.16971443593502045,0.0,-1.0,0.0,0.0
0.4166666666666667,2.0,24.0,0.6128548383712769,3.0,1.0,3.0,1.0
0.2833333333333333,1.0,17.0,0.42666181921958923,1.0,1.0,1.0,1.0
0.06666666666666667,0.0,3.0,0.1316382735967636,3.0,1.0,3.0,2.0
0.48333333333333334,2.0,32.0,0.6947645545005798,3.0,0.0,0.0,1.0
0.18333333333333332,0.0,11.0,0.29631611704826355,0.0,0.0,1.0,0.0
0.36666666666666664,1.0,16.0,0.6010336875915527,3.0,1.0,3.0,1.0
0.03333333333333333,0.0,1.0,0.040291398763656616,0.0,-1.0,0.0,0.0
0.6666666666666666,1.0,23.0,1.0,4.0,2.0,3.0,3.0
0.21666666666666667,0.0,14.0,0.3218908905982971,0.0,0.0,1.0,0.0
0.65,1.0,32.0,1.0,4.0,2.0,3.0,3.0
0.21666666666666667,1.0,12.0,0.3200150430202484,0.0,0.0,1.0,0.0
0.7,1.0,39.0,1.0,4.0,2.0,3.0,3.0
0.06666666666666667,0.0,4.0,0.09155811369419098,0.0,-1.0,0.0,0.0
0.6666666666666666,0.0,29.0,1.0,4.0,2.0,3.0,3.0
0.13333333333333333,0.0,8.0,0.19675298035144806,0.0,-1.0,0.0,0.0
0.43333333333333335,0.0,19.0,0.6466683149337769,0.0,1.0,3.0,1.0
0.4666666666666667,0.0,22.0,0.7188126444816589,0.0,1.0,3.0,1.0
0.6666666666666666,0.0,24.0,1.0,4.0,2.0,3.0,3.0
0.05,0.0,4.0,0.058836549520492554,0.0,-1.0,0.0,0.0
0.2833333333333333,0.0,16.0,0.4021793603897095,1.0,1.0,1.0,1.0
0.4166666666666667,1.0,23.0,0.6485416889190674,3.0,1.0,3.0,1.0
0.11666666666666667,0.0,9.0,0.14746597409248352,0.0,-1.0,-2.0,0.0
0.6666666666666666,2.0,26.0,1.0,4.0,2.0,3.0,3.0
0.06666666666666667,0.0,6.0,0.087211973965168,0.0,-1.0,-2.0,0.0
0.11666666666666667,0.0,6.0,0.19329223036766052,3.0,1.0,3.0,2.0
0.11666666666666667,1.0,8.0,0.14967435598373413,0.0,-1.0,0.0,0.0
0.18333333333333332,0.0,9.0,0.25989478826522827,0.0,0.0,1.0,0.0
0.21666666666666667,0.0,15.0,0.3361060917377472,0.0,0.0,1.0,0.0
0.05,0.0,2.0,0.05348196253180504,0.0,-1.0,0.0,0.0
0.35,0.0,15.0,0.5502716302871704,-2.0,1.0,1.0,1.0
0.6666666666666666,0.0,28.0,1.0,4.0,2.0,3.0,3.0
0.08333333333333333,1.0,6.0,0.12362224608659744,0.0,-1.0,0.0,0.0
0.6833333333333333,3.0,37.0,1.0,4.0,2.0,3.0,3.0
0.05,0.0,3.0,0.06376214325428009,0.0,-1.0,0.0,0.0
0.45,3.0,23.0,0.6907564997673035,3.0,1.0,3.0,1.0
0.31666666666666665,3.0,19.0,0.4756244421005249,1.0,0.0,0.0,1.0
0.3,1.0,16.0,0.4586407542228699,1.0,1.0,1.0,1.0
0.13333333333333333,1.0,10.0,0.1817941963672638,0.0,-1.0,-2.0,0.0
0.1,0.0,5.0,0.14239458739757538,0.0,-1.0,0.0,0.0
0.2833333333333333,2.0,13.0,0.45227956771850586,1.0,1.0,1.0,1.0
0.16666666666666666,0.0,1.0,0.24166786670684814,0.0,0.0,1.0,0.0
0.6333333333333333,0.0,32.0,1.0,4.0,2.0,3.0,3.0
0.1,1.0,7.0,0.1349252164363861,0.0,-1.0,0.0,0.0
0.5333333333333333,1.0,25.0,0.7829408645629883,0.0,1.0,3.0,1.0
0.6666666666666666,3.0,28.0,1.0,4.0,2.0,3.0,3.0
0.03333333333333333,0.0,2.0,0.05845797061920166,2.0,1.0,2.0,0.0
0.06666666666666667,0.0,4.0,0.1145118772983551,3.0,1.0,3.0,2.0
0.1,2.0,6.0,0.13952545821666718,0.0,-1.0,0.0,2.0
0.23333333333333334,0.0,10.0,0.35809117555618286,0.0,0.0,1.0,0.0
0.6666666666666666,1.0,27.0,1.0,4.0,2.0,3.0,3.0
0.03333333333333333,0.0,2.0,0.037449900060892105,0.0,-1.0,0.0,0.0
0.6,1.0,26.0,1.0,4.0,2.0,3.0,3.0
0.18333333333333332,2.0,12.0,0.26631563901901245,0.0,0.0,1.0,0.0
0.35,0.0,19.0,0.47432366013526917,-2.0,1.0,1.0,1.0
0.65,0.0,26.0,1.0,4.0,2.0,3.0,3.0
0.26666666666666666,0.0,20.0,0.3901553153991699,0.0,-1.0,0.0,0.0
0.2833333333333333,0.0,12.0,0.4202154278755188,1.0,1.0,1.0,1.0
0.45,1.0,26.0,0.7087925672531128,3.0,1.0,3.0,1.0
0.35,1.0,20.0,0.5441693067550659,1.0,1.0,1.0,1.0
0.43333333333333335,0.0,25.0,0.7074043154716492,0.0,1.0,3.0,1.0
0.6666666666666666,1.0,26.0,1.0,4.0,2.0,3.0,3.0
0.08333333333333333,1.0,6.0,0.13143390417099,2.0,0.0,1.0,0.0
0.6666666666666666,0.0,29.0,1.0,4.0,2.0,3.0,3.0
0.1,2.0,8.0,0.19201859831809998,3.0,1.0,1.0,4.0
0.2833333333333333,2.0,18.0,0.43908900022506714,1.0,0.0,0.0,1.0
0.2,0.0,11.0,0.31868404150009155,0.0,0.0,1.0,0.0
0.25,0.0,11.0,0.36009520292282104,0.0,0.0,1.0,0.0
0.6,0.0,29.0,0.9111974239349365,1.0,2.0,3.0,3.0
0.4166666666666667,0.0,21.0,0.6126002073287964,0.0,1.0,3.0,1.0
0.26666666666666666,0.0,13.0,0.4565421938896179,1.0,1.0,1.0,1.0
0.08333333333333333,1.0,5.0,0.11285524815320969,0.0,-1.0,0.0,0.0
0.08333333333333333,0.0,3.0,0.12362224608659744,0.0,-1.0,0.0,0.0
0.31666666666666665,1.0,15.0,0.4242234528064728,1.0,1.0,1.0,1.0
0.3333333333333333,0.0,11.0,0.503329336643219,1.0,1.0,1.0,1.0
0.55,0.0,26.0,0.8644073009490967,1.0,2.0,3.0,3.0
0.03333333333333333,0.0,3.0,0.04526157304644585,0.0,-1.0,0.0,0.0
0.16666666666666666,0.0,0.0,0.26741665601730347,0.0,0.0,1.0,0.0
0.03333333333333333,0.0,1.0,0.03344188258051872,0.0,-1.0,0.0,0.0
0.06666666666666667,0.0,3.0,0.099132239818573,0.0,-1.0,0.0,0.0
0.45,0.0,22.0,0.6586923599243164,0.0,1.0,3.0,1.0
0.6666666666666666,0.0,24.0,1.0,4.0,2.0,3.0,3.0
0.06666666666666667,0.0,6.0,0.09356212615966797,0.0,-1.0,-2.0,0.0
0.5833333333333334,0.0,29.0,0.8250250220298767,1.0,2.0,3.0,3.0
0.35,1.0,22.0,0.516842246055603,1.0,1.0,1.0,1.0
0.1,0.0,4.0,0.1764395833015442,3.0,1.0,3.0,2.0
0.03333333333333333,0.0,2.0,0.06222916394472122,3.0,1.0,3.0,2.0
0.5166666666666667,4.0,34.0,0.7953141331672668,3.0,1.0,3.0,1.0
0.7166666666666667,1.0,46.0,1.0,4.0,2.0,3.0,3.0
0.03333333333333333,0.0,1.0,0.06783328950405121,3.0,1.0,3.0,2.0
0.1,0.0,5.0,0.16909566521644592,3.0,1.0,3.0,2.0
0.08333333333333333,0.0,4.0,0.12542188167572021,0.0,-1.0,0.0,0.0
0.5833333333333334,0.0,26.0,0.891157329082489,1.0,2.0,3.0,3.0
0.7,1.0,40.0,1.0,4.0,2.0,3.0,3.0
0.08333333333333333,0.0,5.0,0.11761022359132767,0.0,-1.0,0.0,0.0
0.1,0.0,5.0,0.14351001381874084,0.0,-1.0,0.0,0.0
0.6666666666666666,0.0,27.0,1.0,4.0,2.0,3.0,3.0
0.15,1.0,10.0,0.2278306633234024,0.0,-1.0,0.0,0.0
0.6333333333333333,1.0,28.0,1.0,4.0,2.0,3.0,3.0
0.016666666666666666,0.0,1.0,0.0367203913629055,3.0,1.0,3.0,2.0
0.21666666666666667,3.0,12.0,0.30800506472587585,0.0,0.0,1.0,0.0
0.03333333333333333,0.0,2.0,0.03393649309873581,0.0,-1.0,0.0,0.0
0.6333333333333333,1.0,29.0,1.0,4.0,2.0,3.0,3.0
0.23333333333333334,1.0,17.0,0.3440631330013275,0.0,0.0,1.0,0.0
0.5,0.0,17.0,0.7548847794532776,0.0,1.0,3.0,1.0
0.6,0.0,31.0,0.8550851941108704,1.0,2.0,3.0,3.0
0.5,1.0,19.0,0.773044764995575,3.0,1.0,3.0,1.0
0.23333333333333334,2.0,14.0,0.3534257113933563,0.0,0.0,1.0,0.0
0.2,0.0,9.0,0.2739228308200836,0.0,0.0,1.0,0.0
0.1,0.0,6.0,0.15167835354804993,0.0,-1.0,0.0,0.0
0.6833333333333333,0.0,32.0,1.0,4.0,2.0,3.0,3.0
0.08333333333333333,0.0,5.0,0.13207262754440308,2.0,0.0,1.0,0.0
0.16666666666666666,0.0,0.0,0.24648837745189667,0.0,0.0,1.0,0.0
0.6666666666666666,2.0,24.0,1.0,4.0,2.0,3.0,3.0
0.03333333333333333,0.0,2.0,0.04346192255616188,0.0,-1.0,0.0,0.0
0.65,1.0,33.0,1.0,4.0,2.0,3.0,3.0
0.06666666666666667,0.0,4.0,0.07935068011283875,0.0,-1.0,0.0,0.0
0.6666666666666666,0.0,26.0,1.0,4.0,2.0,3.0,3.0
0.4166666666666667,3.0,26.0,0.5905560851097107,1.0,1.0,1.0,1.0
0.05,0.0,1.0,0.09361787885427475,3.0,1.0,3.0,2.0
0.08333333333333333,0.0,6.0,0.11403657495975494,0.0,-1.0,0.0,0.0
0.06666666666666667,0.0,4.0,0.11729361116886139,3.0,1.0,3.0,2.0
0.03333333333333333,0.0,2.0,0.035445891320705414,0.0,-1.0,0.0,0.0
0.43333333333333335,2.0,26.0,0.6050416827201843,3.0,1.0,3.0,1.0
0.4666666666666667,3.0,30.0,0.7379599213600159,3.0,0.0,2.0,1.0
0.03333333333333333,0.0,3.0,0.04553994536399841,0.0,-1.0,0.0,0.0
0.6166666666666667,1.0,32.0,1.0,4.0,2.0,3.0,3.0
0.26666666666666666,4.0,19.0,0.3721192479133606,0.0,-1.0,0.0,2.0
0.48333333333333334,0.0,25.0,0.7328406572341919,0.0,1.0,3.0,1.0
0.6333333333333333,1.0,30.0,1.0,4.0,2.0,3.0,3.0
0.18333333333333332,0.0,13.0,0.30718323588371277,0.0,0.0,1.0,0.0
0.2833333333333333,0.0,14.0,0.4222194254398346,1.0,1.0,1.0,1.0
0.7,3.0,43.0,1.0,4.0,2.0,3.0,3.0
0.08333333333333333,0.0,7.0,0.10802455246448517,0.0,-1.0,-2.0,0.0
0.4166666666666667,0.0,20.0,0.5985721349716187,-2.0,1.0,1.0,1.0
0.6666666666666666,0.0,22.0,1.0,4.0,2.0,3.0,3.0
0.16666666666666666,0.0,0.0,0.23200473189353943,0.0,0.0,1.0,0.0
0.6666666666666666,1.0,24.0,1.0,4.0,2.0,3.0,3.0
0.13333333333333333,1.0,10.0,0.18709304928779602,0.0,-1.0,-2.0,0.0
0.6333333333333333,1.0,29.0,1.0,4.0,2.0,3.0,3.0
0.05,0.0,2.0,0.055281613022089005,0.0,-1.0,0.0,0.0
0.03333333333333333,0.0,2.0,0.05216369405388832,2.0,0.0,1.0,0.0
0.08333333333333333,1.0,6.0,0.13553966581821442,2.0,1.0,2.0,0.0
0.11666666666666667,0.0,7.0,0.1894761174917221,2.0,1.0,2.0,0.0
0.2833333333333333,2.0,14.0,0.4119950532913208,1.0,1.0,1.0,1.0
0.31666666666666665,3.0,17.0,0.46313709020614624,1.0,1.0,1.0,1.0
0.08333333333333333,1.0,5.0,0.12300349026918411,0.0,-1.0,0.0,0.0
0.6666666666666666,0.0,27.0,1.0,4.0,2.0,3.0,3.0
0.2,0.0,13.0,0.30813178420066833,0.0,0.0,1.0,0.0
0.35,1.0,16.0,0.5384519100189209,1.0,1.0,1.0,1.0
0.016666666666666666,0.0,0.0,0.043260689824819565,3.0,1.0,3.0,2.0
0.06666666666666667,1.0,6.0,0.10759018361568451,2.0,0.0,-1.0,0.0
0.23333333333333334,2.0,13.0,0.33888521790504456,0.0,0.0,1.0,0.0
0.6166666666666667,0.0,30.0,0.9132013916969299,1.0,2.0,3.0,3.0
0.23333333333333334,0.0,17.0,0.33404308557510376,0.0,0.0,1.0,0.0
0.6666666666666666,0.0,24.0,1.0,4.0,2.0,3.0,3.0
0.06666666666666667,0.0,6.0,0.1063816025853157,2.0,0.0,-1.0,0.0
0.16666666666666666,0.0,0.0,0.24663105607032776,0.0,0.0,1.0,0.0
0.65,0.0,31.0,1.0,4.0,2.0,3.0,3.0
0.18333333333333332,2.0,14.0,0.28218817710876465,0.0,0.0,1.0,0.0
0.26666666666666666,0.0,13.0,0.3901553153991699,0.0,0.0,1.0,0.0
0.21666666666666667,0.0,9.0,0.3059869706630707,0.0,0.0,1.0,0.0
0.65,1.0,33.0,1.0,4.0,2.0,3.0,3.0
0.016666666666666666,0.0,1.0,0.0357435904443264,2.0,1.0,2.0,0.0
0.13333333333333333,0.0,8.0,0.21135251224040985,2.0,0.0,1.0,0.0
0.23333333333333334,0.0,16.0,0.2999749481678009,0.0,0.0,1.0,0.0
0.5,0.0,17.0,0.7468687295913696,0.0,1.0,3.0,1.0
0.6333333333333333,1.0,30.0,1.0,4.0,2.0,3.0,3.0
0.15,0.0,9.0,0.21912561357021332,0.0,-1.0,0.0,0.0
0.05,0.0,2.0,0.07338687032461166,0.0,-1.0,0.0,0.0
0.03333333333333333,0.0,1.0,0.035445891320705414,0.0,-1.0,0.0,0.0
0.26666666666666666,1.0,14.0,0.4466613829135895,1.0,1.0,1.0,1.0
0.6666666666666666,2.0,26.0,1.0,4.0,2.0,3.0,3.0
0.13333333333333333,0.0,10.0,0.17572645843029022,0.0,-1.0,-2.0,0.0
0.65,1.0,31.0,1.0,4.0,2.0,3.0,3.0
0.08333333333333333,1.0,5.0,0.1115981936454773,0.0,-1.0,0.0,0.0
0.15,1.0,7.0,0.23384268581867218,2.0,0.0,1.0,0.0
0.31666666666666665,0.0,19.0,0.48590201139450073,1.0,0.0,0.0,1.0
0.36666666666666664,1.0,22.0,0.5282275080680847,1.0,1.0,1.0,1.0
0.5,0.0,15.0,0.7094029188156128,0.0,1.0,3.0,1.0
0.65,4.0,32.0,1.0,4.0,2.0,3.0,3.0
0.05,0.0,2.0,0.07160782814025879,0.0,-1.0,0.0,0.0
0.65,1.0,29.0,1.0,4.0,2.0,3.0,3.0
0.11666666666666667,0.0,7.0,0.14767034351825714,0.0,-1.0,0.0,0.0
0.65,1.0,39.0,1.0,4.0,1.0,2.0,3.0
0.06666666666666667,0.0,4.0,0.07151803374290466,0.0,-1.0,0.0,0.0
0.6833333333333333,0.0,32.0,1.0,4.0,2.0,3.0,3.0
0.05,0.0,3.0,0.08065583556890488,2.0,0.0,1.0,0.0
0.03333333333333333,0.0,2.0,0.039453908801078796,0.0,-1.0,0.0,0.0
0.65,2.0,33.0,1.0,4.0,2.0,3.0,3.0
0.3,2.0,20.0,0.4502755403518677,1.0,0.0,0.0,1.0
0.6833333333333333,2.0,40.0,1.0,4.0,2.0,3.0,3.0
0.2,2.0,13.0,0.2759268581867218,0.0,0.0,1.0,0.0
0.6666666666666666,1.0,28.0,1.0,4.0,2.0,3.0,3.0
0.016666666666666666,0.0,1.0,0.018870197236537933,0.0,-1.0,0.0,0.0
0.06666666666666667,0.0,3.0,0.10364867001771927,2.0,0.0,1.0,0.0
0.1,0.0,6.0,0.1534779965877533,2.0,0.0,1.0,0.0
0.2833333333333333,2.0,17.0,0.48870089650154114,1.0,1.0,1.0,1.0
0.43333333333333335,0.0,24.0,0.6732150912284851,0.0,1.0,3.0,1.0
0.6333333333333333,1.0,28.0,1.0,4.0,2.0,3.0,3.0
0.06666666666666667,1.0,5.0,0.09789685904979706,0.0,-1.0,0.0,0.0
0.7,0.0,34.0,1.0,4.0,2.0,3.0,3.0
0.26666666666666666,1.0,16.0,0.4001753628253937,1.0,1.0,1.0,1.0
0.6166666666666667,0.0,34.0,0.952014684677124,1.0,2.0,3.0,3.0
0.03333333333333333,0.0,2.0,0.03794451057910919,0.0,-1.0,0.0,0.0
0.6,1.0,30.0,0.9192134141921997,1.0,2.0,3.0,3.0
0.1,0.0,4.0,0.16155776381492615,2.0,1.0,2.0,0.0
0.2,3.0,15.0,0.3113415539264679,0.0,0.0,1.0,0.0
0.1,0.0,6.0,0.14145393669605255,0.0,-1.0,0.0,0.0
0.6833333333333333,0.0,37.0,1.0,4.0,2.0,3.0,3.0
0.13333333333333333,0.0,10.0,0.179734468460083,0.0,-1.0,-2.0,0.0
0.21666666666666667,1.0,10.0,0.3220190405845642,0.0,0.0,1.0,0.0
0.65,0.0,32.0,1.0,4.0,2.0,3.0,3.0
0.03333333333333333,0.0,2.0,0.038796473294496536,0.0,-1.0,0.0,0.0
0.6333333333333333,0.0,33.0,1.0,4.0,2.0,3.0,3.0
0.06666666666666667,0.0,4.0,0.10358216613531113,2.0,0.0,1.0,0.0
0.5333333333333333,2.0,30.0,0.8210728764533997,4.0,2.0,3.0,3.0
0.016666666666666666,0.0,2.0,0.037289880216121674,3.0,1.0,3.0,2.0
0.15,0.0,11.0,0.22630958259105682,0.0,-1.0,-2.0,0.0
0.6666666666666666,1.0,25.0,1.0,4.0,2.0,3.0,3.0
0.3,4.0,19.0,0.4648098945617676,1.0,0.0,0.0,3.0
0.16666666666666666,0.0,1.0,0.27860334515571594,0.0,0.0,1.0,0.0
0.06666666666666667,0.0,4.0,0.10374823957681656,2.0,0.0,1.0,0.0
0.35,0.0,22.0,0.5246785283088684,-2.0,1.0,1.0,1.0
0.6666666666666666,0.0,21.0,1.0,4.0,2.0,3.0,3.0
0.03333333333333333,0.0,4.0,0.06576777994632721,3.0,1.0,1.0,2.0
0.65,4.0,43.0,1.0,4.0,1.0,0.0,3.0
0.05,0.0,2.0,0.05748998001217842,0.0,-1.0,0.0,0.0
0.23333333333333334,0.0,9.0,0.3618948459625244,0.0,0.0,1.0,0.0
0.3333333333333333,0.0,9.0,0.5464679598808289,1.0,1.0,1.0,1.0
0.016666666666666666,0.0,1.0,0.023421844467520714,2.0,0.0,1.0,0.0
0.5166666666666667,3.0,33.0,0.7442560195922852,3.0,1.0,3.0,1.0
0.31666666666666665,2.0,19.0,0.5426768660545349,4.0,2.0,3.0,3.0
0.1,0.0,8.0,0.16413676738739014,2.0,1.0,0.0,0.0
0.03333333333333333,0.0,1.0,0.03924955055117607,0.0,-1.0,0.0,0.0
0.23333333333333334,0.0,13.0,0.33428752422332764,0.0,0.0,1.0,0.0
0.6833333333333333,0.0,33.0,1.0,4.0,2.0,3.0,3.0
0.2,2.0,12.0,0.31567299365997314,0.0,0.0,1.0,0.0
0.5,1.0,17.0,0.7909569144248962,3.0,1.0,3.0,1.0
0.35,1.0,24.0,0.5088261365890503,1.0,1.0,1.0,1.0
0.03333333333333333,0.0,2.0,0.03751640394330025,0.0,-1.0,0.0,0.0
0.65,0.0,33.0,1.0,4.0,2.0,3.0,3.0
0.15,0.0,9.0,0.22986158728599548,0.0,-1.0,0.0,0.0
0.16666666666666666,0.0,0.0,0.2299029529094696,0.0,0.0,1.0,0.0
0.2,0.0,9.0,0.28594690561294556,0.0,0.0,1.0,0.0
0.65,1.0,34.0,1.0,4.0,2.0,3.0,3.0
0.08333333333333333,0.0,6.0,0.13758301734924316,2.0,1.0,2.0,0.0
0.16666666666666666,0.0,1.0,0.26791080832481384,0.0,0.0,1.0,0.0
0.48333333333333334,1.0,24.0,0.7308366894721985,3.0,1.0,3.0,1.0
0.05,0.0,2.0,0.0679754912853241,0.0,-1.0,0.0,0.0
0.06666666666666667,0.0,3.0,0.08934973925352097,0.0,-1.0,0.0,0.0
0.2833333333333333,0.0,18.0,0.4202154278755188,1.0,0.0,0.0,1.0
0.6333333333333333,1.0,31.0,1.0,4.0,2.0,3.0,3.0
0.08333333333333333,0.0,6.0,0.10593535006046295,0.0,-1.0,0.0,0.0
0.65,2.0,33.0,1.0,4.0,2.0,3.0,3.0
0.18333333333333332,0.0,10.0,0.3119964301586151,0.0,0.0,1.0,0.0
0.6666666666666666,0.0,31.0,1.0,4.0,2.0,3.0,3.0
0.03333333333333333,0.0,3.0,0.05596892163157463,2.0,0.0,1.0,0.0
0.05,0.0,2.0,0.07552605122327805,2.0,0.0,1.0,0.0
0.4166666666666667,1.0,26.0,0.5745240449905396,1.0,1.0,1.0,1.0
0.65,1.0,37.0,1.0,4.0,2.0,3.0,3.0
0.06666666666666667,0.0,5.0,0.09135375171899796,0.0,-1.0,0.0,0.0
0.4,0.0,17.0,0.6288400888442993,0.0,1.0,3.0,1.0
0.6666666666666666,0.0,26.0,1.0,4.0,2.0,3.0,3.0
0.13333333333333333,0.0,9.0,0.1596943885087967,0.0,-1.0,0.0,0.0
0.6166666666666667,1.0,31.0,1.0,4.0,2.0,3.0,3.0
0.13333333333333333,2.0,7.0,0.23384268581867218,3.0,1.0,3.0,4.0
0.1,0.0,8.0,0.1316382735967636,0.0,-1.0,-2.0,0.0
0.6166666666666667,1.0,27.0,1.0,4.0,2.0,3.0,3.0
0.6833333333333333,2.0,43.0,1.0,4.0,2.0,3.0,3.0
0.016666666666666666,0.0,1.0,0.034070853143930435,2.0,1.0,2.0,0.0
0.03333333333333333,0.0,1.0,0.033237524330616,0.0,-1.0,0.0,0.0
0.6666666666666666,1.0,24.0,1.0,4.0,2.0,3.0,3.0
0.016666666666666666,0.0,1.0,0.021417835727334023,0.0,-1.0,0.0,0.0
0.6333333333333333,2.0,29.0,0.9753256440162659,4.0,2.0,3.0,3.0
0.03333333333333333,1.0,2.0,0.04145791754126549,0.0,-1.0,0.0,0.0
0.6833333333333333,0.0,33.0,1.0,4.0,2.0,3.0,3.0
0.4166666666666667,3.0,24.0,0.5879124999046326,1.0,1.0,1.0,1.0
0.11666666666666667,0.0,9.0,0.15417695045471191,0.0,-1.0,-2.0,0.0
0.4,0.0,20.0,0.6065881848335266,0.0,1.0,3.0,1.0
0.65,0.0,30.0,1.0,4.0,2.0,3.0,3.0
0.1,1.0,8.0,0.1554819941520691,2.0,0.0,-1.0,0.0
0.5666666666666667,2.0,32.0,0.8388697504997253,4.0,2.0,3.0,3.0
0.1,0.0,7.0,0.14767034351825714,0.0,-1.0,0.0,0.0
0.6666666666666666,1.0,24.0,1.0,4.0,2.0,3.0,3.0
0.06666666666666667,0.0,4.0,0.09155811369419098,0.0,-1.0,0.0,0.0
0.6333333333333333,0.0,26.0,1.0,4.0,2.0,3.0,3.0
0.48333333333333334,2.0,38.0,0.7148045897483826,3.0,-1.0,-1.0,1.0
0.05,0.0,3.0,0.07977704703807831,2.0,0.0,1.0,0.0
0.03333333333333333,0.0,1.0,0.059549737721681595,2.0,1.0,2.0,0.0
0.2833333333333333,1.0,16.0,0.4358055591583252,1.0,1.0,1.0,1.0
0.3,1.0,18.0,0.40819138288497925,1.0,0.0,0.0,1.0
0.05,0.0,2.0,0.09271568059921265,3.0,1.0,3.0,2.0
0.5,0.0,20.0,0.7334098815917969,0.0,1.0,3.0,1.0
0.16666666666666666,0.0,1.0,0.24185872077941895,0.0,0.0,1.0,0.0
0.7,1.0,33.0,1.0,4.0,2.0,3.0,3.0
0.11666666666666667,1.0,10.0,0.1858452558517456,2.0,0.0,-1.0,0.0
0.16666666666666666,0.0,1.0,0.24386271834373474,0.0,0.0,1.0,0.0
0.26666666666666666,0.0,11.0,0.40819138288497925,1.0,1.0,1.0,1.0
0.05,0.0,1.0,0.07628680020570755,2.0,0.0,1.0,0.0
0.3,2.0,18.0,0.474639356136322,1.0,0.0,0.0,1.0
0.08333333333333333,0.0,5.0,0.13373950123786926,2.0,0.0,1.0,0.0
0.1,1.0,6.0,0.15167835354804993,0.0,-1.0,0.0,0.0
0.65,1.0,34.0,1.0,4.0,2.0,3.0,3.0
0.016666666666666666,0.0,1.0,0.025425851345062256,2.0,0.0,1.0,0.0
0.25,1.0,13.0,0.3838560879230499,0.0,0.0,1.0,0.0
0.25,0.0,10.0,0.3981713354587555,0.0,0.0,1.0,0.0
0.05,0.0,2.0,0.07331767678260803,0.0,-1.0,0.0,0.0
0.15,0.0,5.0,0.2439865618944168,2.0,2.0,3.0,0.0
0.3,0.0,22.0,0.4830942153930664,1.0,0.0,-2.0,1.0
0.6833333333333333,3.0,45.0,1.0,4.0,2.0,3.0,3.0
0.15,0.0,12.0,0.18574649095535278,0.0,-1.0,-2.0,0.0
0.6333333333333333,1.0,29.0,1.0,4.0,2.0,3.0,3.0
0.016666666666666666,0.0,1.0,0.03143787756562233,2.0,1.0,2.0,0.0
0.5,3.0,21.0,0.8089929819107056,4.0,2.0,3.0,3.0
0.2833333333333333,1.0,17.0,0.4715119004249573,1.0,1.0,1.0,1.0
0.08333333333333333,0.0,6.0,0.12764061987400055,2.0,0.0,1.0,0.0
0.5166666666666667,1.0,31.0,0.7348446846008301,0.0,1.0,3.0,1.0
0.6833333333333333,1.0,34.0,1.0,4.0,2.0,3.0,3.0
0.15,2.0,10.0,0.23243732750415802,2.0,0.0,1.0,2.0
0.03333333333333333,1.0,2.0,0.058836549520492554,2.0,1.0,2.0,0.0
0.06666666666666667,0.0,3.0,0.09736577421426773,0.0,-1.0,0.0,0.0
0.6666666666666666,0.0,26.0,1.0,4.0,2.0,3.0,3.0
0.03333333333333333,0.0,2.0,0.06087924540042877,2.0,1.0,2.0,0.0
0.7,2.0,44.0,1.0,4.0,2.0,3.0,3.0
0.16666666666666666,0.0,1.0,0.22582665085792542,0.0,0.0,1.0,0.0
0.6666666666666666,1.0,26.0,1.0,4.0,2.0,3.0,3.0
0.016666666666666666,0.0,2.0,0.03378930315375328,2.0,1.0,2.0,0.0
0.5333333333333333,1.0,31.0,0.7689128518104553,0.0,1.0,3.0,1.0
0.48333333333333334,0.0,25.0,0.7288326621055603,0.0,1.0,3.0,1.0
0.6833333333333333,2.0,36.0,1.0,4.0,2.0,3.0,3.0
0.05,0.0,4.0,0.08789927512407303,2.0,1.0,2.0,0.0
0.6333333333333333,0.0,36.0,1.0,4.0,2.0,3.0,3.0
0.23333333333333334,2.0,17.0,0.37840527296066284,0.0,0.0,1.0,0.0
0.11666666666666667,0.0,4.0,0.17787133157253265,0.0,0.0,1.0,0.0
0.6166666666666667,0.0,26.0,1.0,4.0,2.0,3.0,3.0
0.06666666666666667,1.0,7.0,0.12806463241577148,3.0,1.0,1.0,2.0
0.1,1.0,7.0,0.17986617982387543,3.0,1.0,3.0,2.0
0.38333333333333336,2.0,25.0,0.5584920048713684,1.0,1.0,1.0,1.0
0.6833333333333333,1.0,46.0,1.0,4.0,2.0,3.0,3.0
0.06666666666666667,1.0,4.0,0.09621216356754303,0.0,-1.0,0.0,0.0
0.6166666666666667,0.0,32.0,1.0,4.0,2.0,3.0,3.0
0.26666666666666666,2.0,18.0,0.4249534606933594,1.0,0.0,0.0,1.0
0.65,0.0,34.0,1.0,4.0,2.0,3.0,3.0
0.18333333333333332,0.0,13.0,0.26566386222839355,0.0,0.0,1.0,0.0
0.25,0.0,14.0,0.35187479853630066,0.0,0.0,1.0,0.0
0.4,1.0,20.0,0.6005761623382568,3.0,1.0,3.0,1.0
0.08333333333333333,3.0,4.0,0.11540184915065765,0.0,-1.0,0.0,2.0
0.6666666666666666,0.0,30.0,1.0,4.0,2.0,3.0,3.0
0.08333333333333333,1.0,6.0,0.13557201623916626,2.0,1.0,2.0,0.0
0.31666666666666665,0.0,21.0,0.4806848466396332,1.0,0.0,0.0,1.0
0.05,0.0,3.0,0.09826955199241638,3.0,1.0,3.0,2.0
0.06666666666666667,1.0,4.0,0.10759018361568451,2.0,0.0,1.0,0.0
0.016666666666666666,0.0,1.0,0.025425851345062256,2.0,0.0,1.0,0.0
0.11666666666666667,0.0,9.0,0.17747047543525696,0.0,-1.0,-2.0,0.0
0.6,1.0,31.0,1.0,4.0,2.0,3.0,3.0
0.03333333333333333,0.0,3.0,0.04546593129634857,0.0,-1.0,0.0,0.0
0.7166666666666667,1.0,37.0,1.0,4.0,2.0,3.0,3.0
0.05,1.0,3.0,0.07023373246192932,0.0,-1.0,0.0,0.0
0.6333333333333333,1.0,29.0,1.0,4.0,2.0,3.0,3.0
0.36666666666666664,4.0,27.0,0.5347930788993835,1.0,1.0,1.0,1.0
0.3,2.0,19.0,0.422275185585022,1.0,0.0,0.0,1.0
0.3,1.0,19.0,0.4462675452232361,1.0,0.0,0.0,1.0
0.1,0.0,6.0,0.13781072199344635,0.0,-1.0,0.0,0.0
0.6833333333333333,1.0,32.0,1.0,4.0,2.0,3.0,3.0
0.45,1.0,28.0,0.6919129490852356,3.0,0.0,2.0,1.0
0.03333333333333333,0.0,1.0,0.049676328897476196,2.0,0.0,1.0,0.0
0.2,1.0,16.0,0.3283802270889282,0.0,0.0,1.0,0.0
0.6666666666666666,0.0,28.0,0.9290291666984558,1.0,2.0,3.0,3.0
0.6333333333333333,3.0,35.0,1.0,4.0,2.0,3.0,3.0
0.06666666666666667,0.0,4.0,0.1039942279458046,2.0,0.0,1.0,0.0
0.08333333333333333,1.0,5.0,0.1176413744688034,0.0,-1.0,0.0,0.0
0.16666666666666666,0.0,1.0,0.23384268581867218,0.0,0.0,1.0,0.0
0.6666666666666666,0.0,23.0,1.0,4.0,2.0,3.0,3.0
0.16666666666666666,0.0,0.0,0.23252585530281067,0.0,0.0,1.0,0.0
0.6666666666666666,0.0,25.0,1.0,4.0,2.0,3.0,3.0
0.43333333333333335,9.0,34.0,0.7051337957382202,4.0,0.0,0.0,3.0
0.03333333333333333,0.0,1.0,0.051844675093889236,2.0,0.0,1.0,0.0
0.5,1.0,22.0,0.6935980916023254,3.0,1.0,3.0,1.0
0.05,0.0,4.0,0.09356212615966797,3.0,1.0,3.0,2.0
0.016666666666666666,0.0,0.0,0.03523753955960274,2.0,1.0,2.0,0.0
0.36666666666666664,1.0,24.0,0.5444639325141907,1.0,1.0,1.0,1.0
0.6666666666666666,0.0,28.0,1.0,4.0,2.0,3.0,3.0
0.06666666666666667,1.0,2.0,0.10759018361568451,2.0,0.0,1.0,0.0
0.5166666666666667,4.0,29.0,0.7491344809532166,3.0,1.0,3.0,1.0
0.6333333333333333,5.0,40.0,1.0,4.0,1.0,2.0,3.0
0.05,0.0,3.0,0.07996843755245209,2.0,0.0,1.0,0.0
0.05,0.0,2.0,0.07753006368875504,2.0,0.0,1.0,0.0
0.11666666666666667,0.0,5.0,0.17171843349933624,0.0,-1.0,0.0,0.0
0.6666666666666666,0.0,23.0,1.0,4.0,2.0,3.0,3.0
0.16666666666666666,1.0,0.0,0.24799874424934387,0.0,0.0,1.0,0.0
0.08333333333333333,0.0,4.0,0.12763026356697083,2.0,0.0,1.0,0.0
0.2,1.0,10.0,0.2937585711479187,0.0,0.0,1.0,0.0
0.6333333333333333,2.0,32.0,1.0,4.0,2.0,3.0,3.0
0.016666666666666666,0.0,1.0,0.017728464677929878,0.0,-1.0,0.0,0.0
0.08333333333333333,0.0,4.0,0.12370478361845016,0.0,-1.0,0.0,0.0
0.7166666666666667,1.0,37.0,1.0,4.0,2.0,3.0,3.0
0.21666666666666667,3.0,12.0,0.33452603220939636,0.0,0.0,1.0,0.0
0.3333333333333333,0.0,13.0,0.5144038200378418,1.0,1.0,1.0,1.0
0.1,0.0,5.0,0.13571076095104218,0.0,-1.0,0.0,0.0
0.6333333333333333,0.0,29.0,1.0,4.0,2.0,3.0,3.0
0.05,0.0,2.0,0.07486861199140549,2.0,0.0,1.0,0.0
0.23333333333333334,1.0,15.0,0.35809117555618286,0.0,0.0,1.0,0.0
0.6666666666666666,0.0,24.0,1.0,4.0,2.0,3.0,3.0
0.08333333333333333,0.0,5.0,0.12328824400901794,0.0,-1.0,0.0,0.0
0.48333333333333334,0.0,23.0,0.7208166122436523,0.0,1.0,3.0,1.0
0.03333333333333333,0.0,1.0,0.05949398875236511,2.0,1.0,2.0,0.0
0.21666666666666667,0.0,15.0,0.32402303814888,0.0,0.0,1.0,0.0
0.6666666666666666,0.0,23.0,1.0,4.0,2.0,3.0,3.0
0.06666666666666667,0.0,7.0,0.08574847877025604,0.0,-1.0,-2.0,0.0
0.65,1.0,36.0,1.0,4.0,2.0,3.0,3.0
0.11666666666666667,0.0,7.0,0.18825986981391907,2.0,1.0,2.0,0.0
0.016666666666666666,0.0,1.0,0.021213475614786148,0.0,-1.0,0.0,0.0
0.6833333333333333,0.0,31.0,1.0,4.0,2.0,3.0,3.0
0.03333333333333333,0.0,2.0,0.049473948776721954,2.0,0.0,1.0,0.0
0.11666666666666667,2.0,7.0,0.18408602476119995,2.0,0.0,1.0,2.0
0.05,1.0,4.0,0.07151803374290466,0.0,-1.0,0.0,0.0
0.016666666666666666,0.0,1.0,0.03498755767941475,2.0,1.0,2.0,0.0
0.45,3.0,33.0,0.6850880980491638,3.0,0.0,0.0,1.0
0.05,0.0,5.0,0.07988324761390686,2.0,0.0,-1.0,0.0
0.25,1.0,19.0,0.36906081438064575,0.0,-1.0,0.0,0.0
0.08333333333333333,0.0,4.0,0.0875501036643982,0.0,-1.0,0.0,0.0
0.4,0.0,20.0,0.5985721349716187,-2.0,1.0,1.0,1.0
0.6833333333333333,0.0,30.0,1.0,4.0,2.0,3.0,3.0
0.06666666666666667,1.0,5.0,0.10682112723588943,2.0,0.0,1.0,0.0
0.03333333333333333,1.0,2.0,0.0729132890701294,3.0,1.0,3.0,2.0
0.1,1.0,5.0,0.1359080672264099,0.0,-1.0,0.0,0.0
0.65,2.0,29.0,1.0,4.0,2.0,3.0,3.0
0.03333333333333333,0.0,2.0,0.0597444623708725,2.0,1.0,2.0,0.0
0.11666666666666667,0.0,8.0,0.17572645843029022,0.0,-1.0,0.0,0.0
0.65,0.0,30.0,1.0,4.0,2.0,3.0,3.0
0.08333333333333333,1.0,8.0,0.13468405604362488,2.0,1.0,0.0,0.0
0.06666666666666667,1.0,2.0,0.10073889046907425,2.0,0.0,1.0,0.0
0.25,2.0,18.0,0.3764764368534088,0.0,-1.0,0.0,0.0
0.5666666666666667,1.0,25.0,1.0,4.0,2.0,3.0,3.0
0.08333333333333333,0.0,5.0,0.09746100753545761,0.0,-1.0,0.0,0.0
0.08333333333333333,0.0,4.0,0.1018327996134758,0.0,-1.0,0.0,0.0
0.4166666666666667,0.0,22.0,0.6226202249526978,0.0,1.0,3.0,1.0
0.06666666666666667,0.0,3.0,0.08153807371854782,0.0,-1.0,0.0,0.0
0.23333333333333334,0.0,11.0,0.38614729046821594,0.0,0.0,1.0,0.0
0.3333333333333333,0.0,8.0,0.5204158425331116,1.0,1.0,1.0,1.0
0.55,2.0,32.0,0.8664518594741821,4.0,2.0,3.0,3.0
0.31666666666666665,3.0,21.0,0.522419810295105,3.0,1.0,1.0,1.0
0.11666666666666667,2.0,7.0,0.20454096794128418,3.0,1.0,3.0,4.0
0.6166666666666667,2.0,41.0,0.9336758852005005,4.0,1.0,2.0,3.0
0.06666666666666667,0.0,5.0,0.09977653622627258,0.0,-1.0,0.0,0.0
0.05,0.0,2.0,0.08534172922372818,2.0,1.0,2.0,0.0
0.03333333333333333,0.0,2.0,0.037481050938367844,0.0,-1.0,0.0,0.0
0.5833333333333334,0.0,34.0,0.8586830496788025,1.0,2.0,3.0,3.0
0.05,0.0,2.0,0.06951402872800827,0.0,-1.0,0.0,0.0
0.5,0.0,16.0,0.7809368968009949,0.0,1.0,3.0,1.0
0.2833333333333333,0.0,13.0,0.43424350023269653,1.0,1.0,1.0,1.0
0.13333333333333333,0.0,11.0,0.2057865709066391,2.0,0.0,-1.0,0.0
0.6333333333333333,4.0,40.0,1.0,4.0,1.0,2.0,3.0
0.016666666666666666,0.0,2.0,0.021417835727334023,0.0,-1.0,0.0,0.0
0.6166666666666667,4.0,32.0,0.8951653242111206,4.0,2.0,3.0,3.0
0.1,0.0,6.0,0.1596943885087967,2.0,0.0,1.0,0.0
0.3,1.0,21.0,0.46852177381515503,1.0,0.0,0.0,1.0
0.5833333333333334,1.0,28.0,0.8751810789108276,1.0,2.0,3.0,3.0
0.55,1.0,28.0,0.8308327198028564,1.0,2.0,3.0,3.0
0.38333333333333336,0.0,24.0,0.5608451962471008,-2.0,1.0,1.0,1.0
0.65,0.0,26.0,1.0,4.0,2.0,3.0,3.0
0.25,2.0,20.0,0.3576492667198181,0.0,-1.0,0.0,0.0
0.6666666666666666,0.0,24.0,1.0,4.0,2.0,3.0,3.0
0.06666666666666667,1.0,4.0,0.09695138782262802,0.0,-1.0,0.0,0.0
0.4666666666666667,0.0,23.0,0.7078498601913452,0.0,1.0,3.0,1.0
0.7,0.0,39.0,1.0,4.0,2.0,3.0,3.0
0.016666666666666666,0.0,2.0,0.0377635732293129,3.0,1.0,3.0,2.0
0.05,0.0,2.0,0.07320160418748856,0.0,-1.0,0.0,0.0
0.21666666666666667,0.0,10.0,0.3220190405845642,0.0,0.0,1.0,0.0
0.65,3.0,31.0,1.0,4.0,2.0,3.0,3.0
0.26666666666666666,1.0,21.0,0.4301814138889313,1.0,0.0,0.0,1.0
0.15,0.0,9.0,0.2270229160785675,0.0,-1.0,0.0,0.0
0.31666666666666665,0.0,17.0,0.4462675452232361,1.0,1.0,1.0,1.0
0.03333333333333333,1.0,2.0,0.05866208299994469,2.0,1.0,2.0,0.0
0.3333333333333333,1.0,8.0,0.45628756284713745,1.0,1.0,1.0,1.0
0.016666666666666666,0.0,1.0,0.022515621036291122,2.0,0.0,1.0,0.0
0.06666666666666667,0.0,4.0,0.09356212615966797,0.0,-1.0,0.0,0.0
0.6833333333333333,1.0,38.0,1.0,4.0,2.0,3.0,3.0
0.13333333333333333,0.0,8.0,0.16620099544525146,0.0,-1.0,0.0,0.0
0.65,0.0,34.0,1.0,4.0,2.0,3.0,3.0
0.16666666666666666,0.0,2.0,0.28995490074157715,0.0,0.0,1.0,0.0
0.25,0.0,10.0,0.36009520292282104,0.0,0.0,1.0,0.0
0.06666666666666667,0.0,3.0,0.10397618263959885,2.0,0.0,1.0,0.0
0.38333333333333336,0.0,20.0,0.5765280723571777,-2.0,1.0,1.0,1.0
0.6666666666666666,0.0,20.0,1.0,4.0,2.0,3.0,3.0
0.2,2.0,12.0,0.2731150984764099,0.0,0.0,1.0,0.0
0.65,0.0,30.0,1.0,4.0,2.0,3.0,3.0
0.016666666666666666,0.0,1.0,0.03588026389479637,2.0,1.0,2.0,0.0
0.5333333333333333,3.0,38.0,0.8413117527961731,4.0,1.0,2.0,3.0
0.2833333333333333,3.0,20.0,0.43463146686553955,1.0,0.0,0.0,1.0
0.13333333333333333,1.0,7.0,0.1938464194536209,0.0,-1.0,0.0,0.0
0.7,2.0,36.0,1.0,4.0,2.0,3.0,3.0
0.1,0.0,7.0,0.1316382735967636,0.0,-1.0,0.0,0.0
0.05,0.0,3.0,0.06751002371311188,0.0,-1.0,0.0,0.0
0.26666666666666666,0.0,16.0,0.38239389657974243,0.0,0.0,1.0,0.0
0.3,0.0,18.0,0.4252099096775055,1.0,0.0,0.0,1.0
0.13333333333333333,0.0,4.0,0.19576653838157654,0.0,0.0,1.0,0.0
0.65,2.0,33.0,1.0,4.0,2.0,3.0,3.0
0.08333333333333333,0.0,4.0,0.10766442865133286,0.0,-1.0,0.0,0.0
0.65,1.0,30.0,1.0,4.0,2.0,3.0,3.0
0.38333333333333336,4.0,30.0,0.49271780252456665,1.0,0.0,0.0,1.0
0.06666666666666667,1.0,4.0,0.09413687139749527,0.0,-1.0,0.0,0.0
0.38333333333333336,2.0,19.0,0.6191068887710571,3.0,1.0,3.0,1.0
0.21666666666666667,0.0,14.0,0.3315623104572296,0.0,0.0,1.0,0.0
0.15,0.0,6.0,0.24548283219337463,3.0,2.0,4.0,2.0
0.13333333333333333,2.0,11.0,0.1837424784898758,0.0,-1.0,-2.0,2.0
0.26666666666666666,0.0,14.0,0.4343099594116211,1.0,1.0,1.0,1.0
0.4,1.0,24.0,0.570516049861908,1.0,1.0,1.0,1.0
0.4166666666666667,5.0,23.0,0.6487389206886292,3.0,1.0,3.0,3.0
0.18333333333333332,0.0,12.0,0.2578907907009125,0.0,0.0,1.0,0.0
0.25,1.0,12.0,0.35809117555618286,0.0,0.0,1.0,0.0
0.65,0.0,29.0,1.0,4.0,2.0,3.0,3.0
0.08333333333333333,0.0,5.0,0.10203563421964645,0.0,-1.0,0.0,0.0
0.6833333333333333,2.0,35.0,1.0,4.0,2.0,3.0,3.0
0.05,0.0,3.0,0.07891490310430527,2.0,0.0,1.0,0.0
0.3,3.0,20.0,0.46665680408477783,1.0,0.0,0.0,1.0
0.15,0.0,8.0,0.2477429062128067,3.0,1.0,3.0,2.0
0.1,0.0,7.0,0.1672191023826599,3.0,1.0,3.0,2.0
0.06666666666666667,0.0,5.0,0.1095941886305809,2.0,1.0,2.0,0.0
0.55,1.0,36.0,0.8053341507911682,1.0,2.0,3.0,3.0
0.23333333333333334,0.0,12.0,0.3363017141819,0.0,0.0,1.0,0.0
0.6166666666666667,1.0,32.0,1.0,4.0,2.0,3.0,3.0
0.25,1.0,19.0,0.39660170674324036,0.0,-1.0,0.0,0.0
0.6666666666666666,0.0,25.0,1.0,4.0,2.0,3.0,3.0
0.03333333333333333,0.0,3.0,0.037799082696437836,0.0,-1.0,0.0,0.0
0.18333333333333332,0.0,10.0,0.28594690561294556,0.0,0.0,1.0,0.0
0.4666666666666667,2.0,23.0,0.7273417115211487,3.0,1.0,3.0,1.0
0.18333333333333332,0.0,9.0,0.2759268581867218,0.0,0.0,1.0,0.0
0.03333333333333333,0.0,1.0,0.04746994003653526,0.0,-1.0,0.0,0.0
0.4,1.0,20.0,0.6305765509605408,3.0,1.0,3.0,1.0
0.06666666666666667,0.0,5.0,0.10088193416595459,2.0,0.0,1.0,0.0
0.08333333333333333,1.0,5.0,0.0875501036643982,0.0,-1.0,0.0,0.0
0.11666666666666667,0.0,4.0,0.17812448740005493,0.0,0.0,1.0,0.0
0.11666666666666667,0.0,7.0,0.19537410140037537,3.0,1.0,3.0,2.0
0.05,0.0,3.0,0.0635020062327385,0.0,-1.0,0.0,0.0
0.65,0.0,33.0,1.0,4.0,2.0,3.0,3.0
0.2833333333333333,4.0,19.0,0.41103288531303406,1.0,0.0,0.0,3.0
0.5833333333333334,3.0,34.0,0.8892959952354431,4.0,2.0,3.0,3.0
0.15,1.0,12.0,0.23384268581867218,2.0,0.0,-1.0,0.0
0.06666666666666667,1.0,5.0,0.11961422860622406,3.0,1.0,3.0,2.0
0.18333333333333332,1.0,12.0,0.2763843536376953,0.0,0.0,1.0,0.0
0.6666666666666666,1.0,22.0,1.0,4.0,2.0,3.0,3.0
0.06666666666666667,0.0,4.0,0.11360220611095428,2.0,1.0,2.0,0.0
0.16666666666666666,0.0,1.0,0.24807311594486237,0.0,0.0,1.0,0.0
0.3,0.0,15.0,0.4622995853424072,1.0,1.0,1.0,1.0
0.13333333333333333,0.0,7.0,0.19777053594589233,0.0,-1.0,0.0,0.0
0.6666666666666666,0.0,26.0,1.0,4.0,2.0,3.0,3.0
0.08333333333333333,0.0,7.0,0.11961422860622406,0.0,-1.0,-2.0,0.0
0.6666666666666666,0.0,25.0,1.0,4.0,2.0,3.0,3.0
0.016666666666666666,0.0,1.0,0.022515621036291122,2.0,0.0,1.0,0.0
0.3333333333333333,0.0,10.0,0.4382514953613281,1.0,1.0,1.0,1.0
0.6833333333333333,0.0,36.0,1.0,4.0,2.0,3.0,3.0
0.016666666666666666,0.0,1.0,0.023421844467520714,2.0,0.0,1.0,0.0
0.36666666666666664,1.0,20.0,0.5785320401191711,1.0,1.0,1.0,1.0
0.36666666666666664,4.0,20.0,0.6267169713973999,3.0,1.0,3.0,1.0
0.08333333333333333,0.0,4.0,0.14850781857967377,3.0,1.0,3.0,2.0
0.16666666666666666,0.0,2.0,0.24185872077941895,0.0,0.0,1.0,0.0
0.65,0.0,31.0,1.0,4.0,2.0,3.0,3.0
0.03333333333333333,0.0,2.0,0.06172170117497444,2.0,1.0,2.0,0.0
0.05,0.0,3.0,0.059549737721681595,0.0,-1.0,0.0,0.0
0.08333333333333333,0.0,4.0,0.13260743021965027,2.0,0.0,1.0,0.0
0.5,1.0,19.0,0.6951081156730652,3.0,1.0,3.0,1.0
0.25,1.0,14.0,0.40618738532066345,1.0,1.0,1.0,1.0
0.4666666666666667,1.0,29.0,0.7083377242088318,3.0,0.0,2.0,1.0
0.15,0.0,11.0,0.2476663738489151,3.0,1.0,1.0,2.0
0.18333333333333332,1.0,10.0,0.28415969014167786,0.0,0.0,1.0,0.0
0.6666666666666666,0.0,25.0,1.0,4.0,2.0,3.0,3.0
0.2,0.0,17.0,0.35390427708625793,0.0,0.0,1.0,0.0
0.6666666666666666,0.0,27.0,1.0,4.0,2.0,3.0,3.0
0.05,0.0,3.0,0.0597107894718647,0.0,-1.0,0.0,0.0
0.45,1.0,20.0,0.7360258102416992,3.0,1.0,3.0,1.0
0.23333333333333334,1.0,14.0,0.34238216280937195,0.0,0.0,1.0,0.0
0.6333333333333333,1.0,31.0,1.0,4.0,2.0,3.0,3.0
0.2,2.0,13.0,0.30986684560775757,0.0,0.0,1.0,0.0
0.6333333333333333,0.0,29.0,1.0,4.0,2.0,3.0,3.0
0.06666666666666667,0.0,4.0,0.10597367584705353,2.0,0.0,1.0,0.0
0.03333333333333333,0.0,1.0,0.050311438739299774,2.0,0.0,1.0,0.0
0.08333333333333333,0.0,6.0,0.12998344004154205,2.0,0.0,1.0,0.0
0.08333333333333333,1.0,4.0,0.1318162977695465,2.0,0.0,1.0,0.0
0.13333333333333333,0.0,6.0,0.1941116899251938,0.0,-1.0,0.0,0.0
0.65,0.0,30.0,1.0,4.0,2.0,3.0,3.0
0.15,0.0,10.0,0.20688773691654205,0.0,-1.0,0.0,0.0
0.6,1.0,34.0,0.9014320373535156,1.0,2.0,3.0,3.0
0.3333333333333333,0.0,12.0,0.4582986533641815,1.0,1.0,1.0,1.0
0.11666666666666667,0.0,7.0,0.16065146028995514,0.0,-1.0,0.0,0.0
0.5333333333333333,1.0,26.0,0.8453198075294495,1.0,2.0,3.0,3.0
0.48333333333333334,4.0,25.0,0.7528807520866394,3.0,1.0,3.0,1.0
0.26666666666666666,5.0,16.0,0.3701152205467224,0.0,0.0,1.0,2.0
0.45,0.0,21.0,0.6685081124305725,0.0,1.0,3.0,1.0
0.6666666666666666,0.0,23.0,1.0,4.0,2.0,3.0,3.0
0.13333333333333333,2.0,11.0,0.21622668206691742,2.0,1.0,0.0,2.0
1.1,0.0,5.0,0.21622668206691742,-3.0,0.0,1.0,0.0
0.6666666666666666,0.0,16.0,1.0,4.0,2.0,3.0,3.0
0.05,0.0,3.0,0.09016700834035873,3.0,1.0,3.0,2.0
0.4666666666666667,2.0,26.0,0.7059064507484436,3.0,1.0,3.0,1.0
0.13333333333333333,1.0,11.0,0.1941116899251938,0.0,-1.0,-2.0,0.0
0.11666666666666667,0.0,6.0,0.1735180765390396,0.0,-1.0,0.0,0.0
0.26666666666666666,0.0,10.0,0.40797874331474304,1.0,1.0,1.0,1.0
0.016666666666666666,0.0,1.0,0.018904779106378555,0.0,-1.0,0.0,0.0
0.6333333333333333,0.0,32.0,1.0,4.0,2.0,3.0,3.0
0.31666666666666665,1.0,22.0,0.49771299958229065,1.0,0.0,-2.0,1.0
0.23333333333333334,0.0,9.0,0.3767618238925934,0.0,0.0,1.0,0.0
0.6666666666666666,0.0,25.0,1.0,4.0,2.0,3.0,3.0
0.016666666666666666,0.0,1.0,0.01941382698714733,0.0,-1.0,0.0,0.0
0.6833333333333333,0.0,31.0,1.0,4.0,2.0,3.0,3.0
0.16666666666666666,0.0,1.0,0.2781505882740021,0.0,0.0,1.0,0.0
0.7,2.0,34.0,1.0,4.0,2.0,3.0,3.0
0.06666666666666667,0.0,4.0,0.10793936252593994,2.0,0.0,1.0,0.0
0.06666666666666667,0.0,3.0,0.10759018361568451,2.0,0.0,1.0,0.0
0.36666666666666664,0.0,23.0,0.5254678726196289,-2.0,1.0,1.0,1.0
0.65,0.0,27.0,1.0,4.0,2.0,3.0,3.0
0.11666666666666667,1.0,6.0,0.17847280204296112,2.0,0.0,1.0,0.0
0.11666666666666667,1.0,5.0,0.14566633105278015,0.0,-1.0,0.0,0.0
0.3,0.0,15.0,0.4703156352043152,1.0,1.0,1.0,1.0
0.4166666666666667,2.0,24.0,0.5905560851097107,1.0,1.0,1.0,1.0
0.21666666666666667,1.0,12.0,0.31199899315834045,0.0,0.0,1.0,0.0
0.45,1.0,23.0,0.7072831988334656,3.0,1.0,3.0,1.0
0.05,0.0,2.0,0.06933031976222992,0.0,-1.0,0.0,0.0
0.38333333333333336,0.0,23.0,0.5705826282501221,-2.0,1.0,1.0,1.0
0.65,0.0,26.0,1.0,4.0,2.0,3.0,3.0
0.05,0.0,3.0,0.07482122629880905,2.0,0.0,1.0,0.0
0.21666666666666667,0.0,12.0,0.3545777499675751,0.0,0.0,1.0,0.0
0.38333333333333336,0.0,23.0,0.5757203698158264,-2.0,1.0,1.0,1.0
0.6666666666666666,0.0,21.0,1.0,4.0,2.0,3.0,3.0
0.06666666666666667,0.0,7.0,0.10789430141448975,2.0,0.0,-1.0,0.0
0.03333333333333333,0.0,2.0,0.03888377174735069,0.0,-1.0,0.0,0.0
0.6,1.0,29.0,1.0,4.0,2.0,3.0,3.0
0.11666666666666667,0.0,9.0,0.1649373471736908,0.0,-1.0,-2.0,0.0
0.6,0.0,28.0,0.9272294640541077,1.0,2.0,3.0,3.0
0.03333333333333333,0.0,1.0,0.049573034048080444,2.0,0.0,1.0,0.0
0.2833333333333333,3.0,17.0,0.4304378628730774,1.0,1.0,1.0,1.0
0.6666666666666666,1.0,30.0,1.0,4.0,2.0,3.0,3.0
0.15,0.0,11.0,0.23312436044216156,2.0,0.0,-1.0,0.0
0.2,0.0,12.0,0.2582399547100067,0.0,0.0,1.0,0.0
0.5166666666666667,0.0,29.0,0.7584990859031677,0.0,1.0,3.0,1.0
0.2,0.0,11.0,0.27088627219200134,0.0,0.0,1.0,0.0
0.6666666666666666,1.0,24.0,1.0,4.0,2.0,3.0,3.0
0.06666666666666667,0.0,5.0,0.09075038135051727,0.0,-1.0,0.0,0.0
0.7333333333333333,0.0,40.0,1.0,4.0,2.0,3.0,3.0
0.3333333333333333,0.0,11.0,0.5079993605613708,1.0,1.0,1.0,1.0
0.6166666666666667,2.0,37.0,0.9543294310569763,4.0,2.0,3.0,3.0
0.1,1.0,6.0,0.1535542756319046,2.0,0.0,1.0,0.0
0.25,0.0,13.0,0.36410319805145264,0.0,0.0,1.0,0.0
0.05,0.0,2.0,0.05949398875236511,0.0,-1.0,0.0,0.0
0.43333333333333335,0.0,19.0,0.6574311256408691,0.0,1.0,3.0,1.0
0.6333333333333333,1.0,26.0,1.0,4.0,2.0,3.0,3.0
0.08333333333333333,1.0,6.0,0.13410748541355133,2.0,0.0,1.0,0.0
0.05,0.0,2.0,0.06488725543022156,0.0,-1.0,0.0,0.0
0.4166666666666667,0.0,18.0,0.6506763696670532,0.0,1.0,3.0,1.0
0.4,0.0,21.0,0.5845440626144409,-2.0,1.0,1.0,1.0
0.6833333333333333,0.0,30.0,1.0,4.0,2.0,3.0,3.0
0.35,1.0,22.0,0.5707717537879944,1.0,1.0,1.0,1.0
0.6833333333333333,4.0,43.0,1.0,4.0,2.0,3.0,3.0
0.11666666666666667,1.0,9.0,0.15167835354804993,0.0,-1.0,-2.0,0.0
0.35,0.0,18.0,0.508391797542572,-2.0,1.0,1.0,1.0
0.65,0.0,25.0,1.0,4.0,2.0,3.0,3.0
0.08333333333333333,0.0,5.0,0.11961422860622406,0.0,-1.0,0.0,0.0
0.2,0.0,9.0,0.2839428782463074,0.0,0.0,1.0,0.0
0.18333333333333332,1.0,10.0,0.2739228308200836,0.0,0.0,1.0,0.0
0.1,0.0,5.0,0.11761022359132767,0.0,-1.0,0.0,0.0
0.6833333333333333,0.0,33.0,1.0,4.0,2.0,3.0,3.0
0.21666666666666667,0.0,14.0,0.3389604091644287,0.0,0.0,1.0,0.0
0.65,0.0,29.0,1.0,4.0,2.0,3.0,3.0
0.05,0.0,3.0,0.08294661343097687,2.0,1.0,2.0,0.0
0.06666666666666667,0.0,3.0,0.10759018361568451,2.0,0.0,1.0,0.0
0.03333333333333333,0.0,2.0,0.05949398875236511,2.0,1.0,2.0,0.0
0.08333333333333333,0.0,4.0,0.14258842170238495,3.0,1.0,3.0,2.0
0.03333333333333333,0.0,1.0,0.039888277649879456,0.0,-1.0,0.0,0.0
0.38333333333333336,0.0,19.0,0.5917524099349976,-2.0,1.0,1.0,1.0
0.6833333333333333,0.0,29.0,1.0,4.0,2.0,3.0,3.0
0.1,1.0,6.0,0.14278003573417664,0.0,-1.0,0.0,0.0
0.3,0.0,15.0,0.45227956771850586,1.0,1.0,1.0,1.0
0.3,0.0,15.0,0.456083208322525,1.0,1.0,1.0,1.0
0.06666666666666667,0.0,4.0,0.10572244226932526,2.0,0.0,1.0,0.0
0.25,3.0,17.0,0.3701152205467224,0.0,0.0,1.0,0.0
0.6666666666666666,1.0,24.0,1.0,4.0,2.0,3.0,3.0
0.06666666666666667,1.0,4.0,0.0813337117433548,0.0,-1.0,0.0,0.0
0.6666666666666666,2.0,24.0,1.0,4.0,2.0,3.0,3.0
0.08333333333333333,2.0,5.0,0.12597543001174927,0.0,-1.0,0.0,2.0
0.016666666666666666,0.0,1.0,0.023421844467520714,2.0,0.0,1.0,0.0
0.1,0.0,5.0,0.14546196162700653,0.0,-1.0,0.0,0.0
0.5,1.0,17.0,0.7609575986862183,3.0,1.0,3.0,1.0
0.08333333333333333,0.0,4.0,0.12177182734012604,0.0,-1.0,0.0,0.0
0.45,1.0,23.0,0.6526803374290466,3.0,1.0,3.0,1.0
0.06666666666666667,0.0,4.0,0.09051156044006348,0.0,-1.0,0.0,0.0
0.6666666666666666,1.0,23.0,1.0,4.0,2.0,3.0,3.0
0.11666666666666667,3.0,6.0,0.20870055258274078,3.0,1.0,3.0,4.0
0.03333333333333333,0.0,2.0,0.06814941018819809,3.0,1.0,3.0,2.0
0.16666666666666666,0.0,0.0,0.19997766613960266,0.0,0.0,1.0,0.0
0.2833333333333333,0.0,13.0,0.43223947286605835,1.0,1.0,1.0,1.0
